{"loss_latent_batch": 0.12603989243507385, "loss_features_batch": 0.592471182346344, "loss_class_batch": 0.28969806432724, "loss_batch": 1.008209228515625, "_timestamp": 1699935326.9615502, "_runtime": 231.45322132110596, "_step": 25, "_wandb": {"runtime": 234}}