{"loss_latent_batch": 0.052470967173576355, "loss_features_batch": 0.3971908688545227, "loss_class_batch": 0.2897321581840515, "loss_batch": 0.7393940091133118, "_timestamp": 1699951111.9614336, "_runtime": 11053.18959069252, "_step": 1575, "train_loss_epoch": 1.0496922147517302, "_wandb": {"runtime": 11056}}